#,Business,Type,Arrondissement,Quartier,Full address,Phone,Secondary phone,Website Status,Website,Google Maps,Facebook,Instagram,Lead Potential,Rating,Reviews,Rating source,Reason,Verification sources
1,Ramen Djizan,Restaurant (Japanese),Lyon 1er,Quai Saint-Vincent,"60 ter quai Saint-Vincent, 69001 Lyon",+33 4 26 07 30 31,,No website found,,https://www.google.com/maps/search/?api=1&query=Ramen%20Djizan%2060%20ter%20quai%20Saint-Vincent%2C%2069001%20Lyon,,,High,4.5,904,Google (via Sluurpy),"Ramen bar with a second branch at 49 rue Chevreul (7e); Google ~4.5 from ~900 reviews, in Le Bonbon's top ramen. No own site found. A site could cover both branches, the menu (9.50-13.80 EUR) and hours.","WebSearch (Sluurpy, Le Bonbon, Intravel, Wanderlog)"
2,Roots Culture,Hair salon / barber,Lyon 1er,Terreaux,"7 rue Lanterne, 69001 Lyon",+33 6 29 10 18 04,,No website found,,https://www.google.com/maps/search/?api=1&query=Roots%20Culture%207%20rue%20Lanterne%2C%2069001%20Lyon,,,High,4.9,640,Planity,"Salon for all hair textures (straight, curly, coily, afro) with a barber corner; 4.9 from 640 Planity reviews. Only Planity/Fresha booking pages found. A site could explain its texture expertise, eco products and prices. Phone is from Fresha.","WebSearch (Planity, Fresha, PagesJaunes, company registry)"
3,Phoenix Barber,Barber,Lyon 1er,Hôtel de Ville,"8 rue Joseph Serlin, 69001 Lyon",+33 4 87 78 37 80,,Social media only,,https://www.google.com/maps/search/?api=1&query=Phoenix%20Barber%208%20rue%20Joseph%20Serlin%2C%2069001%20Lyon,https://www.facebook.com/p/BarberShop-Phoenix-100077251339348/,,High,4.9,580,Planity,"Design-led barber (brick wall, vintage chairs, cocktail-bar partner); 4.9 from ~580 Planity reviews, cuts 28-60 EUR. Only Facebook and Planity. A site could show the team, prices and house rules.","WebSearch (Facebook, Planity, Mappy)"
4,Little Yard,Restaurant,Lyon 1er,Pentes de la Croix-Rousse,"92 montée de la Grande-Côte, 69001 Lyon",+33 4 26 55 22 62,,Social media only,,https://www.google.com/maps/search/?api=1&query=Little%20Yard%2092%20mont%C3%A9e%20de%20la%20Grande-C%C3%B4te%2C%2069001%20Lyon,https://www.facebook.com/littleyardlyon/,,High,4.5,209,,"Pizzeria and natural-wine cave, sibling of the Yard bar; well reviewed (4.5 from ~209 reviews on a listing). Only Facebook plus directories (Privateaser, Raisin, Eat-list). A site could show the pizza menu, wine list, hours and private-event booking.","WebSearch (Facebook, Privateaser, Raisin, Eat-list, Intravel)"
5,Cobalt,Creators' boutique,Lyon 1er,Pentes de la Croix-Rousse,"116 montée de la Grande-Côte, 69001 Lyon",+33 4 26 18 69 72,,Social media only,,https://www.google.com/maps/search/?api=1&query=Cobalt%20116%20mont%C3%A9e%20de%20la%20Grande-C%C3%B4te%2C%2069001%20Lyon,https://www.facebook.com/cobaltlyon/,,High,,,,"Collective shop run by nine Lyon designers showing 20 craftspeople (jewellery, ceramics, leather, textiles); OnlyLyon Tourisme member. Only Facebook and the visiterlyon.com listing. A site could present each maker, the collections and opening hours.","WebSearch (Facebook, visiterlyon.com, Cylex)"
6,Les Délices du Liban,Restaurant,Lyon 1er,Pentes de la Croix-Rousse,"86 montée de la Grande-Côte, 69001 Lyon",+33 6 29 79 29 53,,Social media only,,https://www.google.com/maps/search/?api=1&query=Les%20D%C3%A9lices%20du%20Liban%2086%20mont%C3%A9e%20de%20la%20Grande-C%C3%B4te%2C%2069001%20Lyon,https://www.facebook.com/LesDelicesDuLibanLyon/,,High,4.5,,,"Lebanese restaurant with terrace; Google ~4.5 and 3,000+ aggregated recommendations (Sluurpy). Facebook and directories only. A site could show the menu (chawarma, falafel, mezze), vegan/halal options and takeaway ordering.","WebSearch (Facebook, Privateaser, Sluurpy, Intravel)"
7,MH Coiffure,Hair salon,Lyon 1er,Quai Saint-Vincent,"50 quai Saint-Vincent, 69001 Lyon",+33 4 78 28 46 04,,No website found,,https://www.google.com/maps/search/?api=1&query=MH%20Coiffure%2050%20quai%20Saint-Vincent%2C%2069001%20Lyon,,,Medium,4.9,1062,Planity,"Century-old mixed salon (stylists, colourists, barbers, afro 'Atelier Crépus'); 4.9 from 1,062 Planity reviews. Only Planity and Cylex found. Phone is from Cylex at the same address but not explicitly labelled as MH Coiffure: confirm.","WebSearch (Planity, Cylex)"
8,Vinica,Wine shop / delicatessen,Lyon 1er,Pentes de la Croix-Rousse,"120 montée de la Grande-Côte, 69001 Lyon",+33 4 78 58 86 29,,Social media only,,https://www.google.com/maps/search/?api=1&query=Vinica%20120%20mont%C3%A9e%20de%20la%20Grande-C%C3%B4te%2C%2069001%20Lyon,https://www.facebook.com/vinica.lyon/,,Medium,4.8,34,Petit Futé,"Wine cave and épicerie with tastings and events; 4.8-4.9 from 25-34 Petit Futé reviews. Facebook and Petit Futé only. A site could list events, tastings and the wine selection.","WebSearch (Facebook, Petit Futé)"
9,La Boîte à Café,Coffee shop / roaster,Lyon 1er,Pentes / Place du Forez,"3 rue de l'Abbé Rozier, 69001 Lyon",+33 6 25 03 80 18,,Social media only,,https://www.google.com/maps/search/?api=1&query=La%20Bo%C3%AEte%20%C3%A0%20Caf%C3%A9%203%20rue%20de%20l%27Abb%C3%A9%20Rozier%2C%2069001%20Lyon,https://www.facebook.com/laboiteacafelyon/,,Medium,,,,"Specialty-coffee bar and roaster listed by Gault&Millau and European Coffee Trip; new operators since 2023, Sunday brunch 18 EUR. Facebook and guides only; hours conflict between listings. A site could sell beans online and show brunch hours.","WebSearch (Facebook, Gault&Millau, European Coffee Trip, Mapstr, Tablejourney)"
10,"Industrie ""Serious"" Barbershop",Barber,Lyon 2e,Cordeliers,"2 rue des Forces, 69002 Lyon",+33 4 72 41 89 57,,No website found,,https://www.google.com/maps/search/?api=1&query=Industrie%20%22Serious%22%20Barbershop%202%20rue%20des%20Forces%2C%2069002%20Lyon,,,High,4.9,2488,Planity,"One of Lyon's most-reviewed barbers (4.9 from 2,488 Planity reviews). Only Planity/Fresha pages found. A site could show the barbers, prices and brand. Phone is from Fresha.","WebSearch (Planity, Fresha)"
11,Les Infidèles,Restaurant,Lyon 2e,Rue Mercière,"57 rue Mercière, 69002 Lyon",+33 9 81 94 07 00,,Social media only,,https://www.google.com/maps/search/?api=1&query=Les%20Infid%C3%A8les%2057%20rue%20Merci%C3%A8re%2C%2069002%20Lyon,https://www.facebook.com/lesinfideleslyon/,,High,4.3,1741,Sluurpy (aggregated),"Creative-cuisine restaurant with Art-Deco 'Prohibition' décor; 4.3 from ~1,741 recommendations, Lyon Capitale 'table du mois'. Facebook, PagesJaunes and guides only. A site could show menus (15.90/29.90 EUR), cocktails and booking.","WebSearch (Facebook, PagesJaunes, Lyon Capitale, Sluurpy, Intravel)"
12,Le Comptoir d'Ainay,Restaurant (bistronomy),Lyon 2e,Ainay,"41 rue Auguste Comte, 69002 Lyon",+33 4 72 16 90 97,,Social media only,,https://www.google.com/maps/search/?api=1&query=Le%20Comptoir%20d%27Ainay%2041%20rue%20Auguste%20Comte%2C%2069002%20Lyon,https://www.facebook.com/claireetromain/,,High,4.4,512,Intravel (aggregated),"Bistronomic restaurant and evening wine bar, Gault&Millau 11/20; 4.4 from 512 reviews (3,300+ recommendations on Sluurpy). Facebook plus tourism and guide listings only. A site could show the daily menu, wine bar and private-event hire.","WebSearch (Facebook, visiterlyon.com, Gault&Millau, Intravel, Sluurpy, ABCSalles)"
13,Les Angles Barbier – Bellecour,Barber,Lyon 2e,Bellecour,"7 rue Sala, 69002 Lyon",+33 4 78 84 74 38,,Social media only,,https://www.google.com/maps/search/?api=1&query=Les%20Angles%20Barbier%20%E2%80%93%20Bellecour%207%20rue%20Sala%2C%2069002%20Lyon,https://www.facebook.com/p/Les-Angles-CoiffeurBarbier-61550990277405/,,High,5.0,459,Planity,"Men's hair and beard salon rated 5.0 from ~459 Planity reviews, open until 20:00. Only Facebook plus Planity/Fresha booking pages. A site could show prices (cut 29 EUR, beard 25 EUR), packages and the team.","WebSearch (Facebook, Planity, Fresha, Mappy)"
14,Bruno Côté Salon,Hair salon,Lyon 2e,Cordeliers,"4 rue des Forces, 69002 Lyon",+33 4 72 41 99 08,,No website found,,https://www.google.com/maps/search/?api=1&query=Bruno%20C%C3%B4t%C3%A9%20Salon%204%20rue%20des%20Forces%2C%2069002%20Lyon,,,High,5.0,380,Planity,"Mixed salon with barber sessions, wedding/event styling, plus a tea room, library and art-exhibition space; 5.0 from ~380 Planity reviews. Only PagesJaunes and Planity found. A site could show this unusual concept, the exhibitions and the services.","WebSearch (PagesJaunes, Planity)"
15,L'otarie,Restaurant,Lyon 2e,Ainay,"24 rue du Plat, 69002 Lyon",+33 4 78 42 45 54,,No website found,,https://www.google.com/maps/search/?api=1&query=L%27otarie%2024%20rue%20du%20Plat%2C%2069002%20Lyon,,,Medium,4.4,245,Sluurpy,"Small bistro with home cooking (Google 4.6 from 53 reviews; Sluurpy 4.4 from 245), recently reopened under new owners. Only a Sluurpy listing found: new owners usually need a web presence.",WebSearch (Sluurpy)
16,Galerie Samani,Rug gallery,Lyon 2e,Ainay – Auguste Comte,"3 rue Auguste Comte, 69002 Lyon",+33 4 78 37 63 34,,Social media only,,https://www.google.com/maps/search/?api=1&query=Galerie%20Samani%203%20rue%20Auguste%20Comte%2C%2069002%20Lyon,https://www.facebook.com/galeriesamani,,Medium,,,,"Persian rug specialist in Lyon since 1932 on the antiques street. Facebook and Bottin only. A site could show the rug collection, restoration/cleaning services and history.","WebSearch (Facebook, Bottin)"
17,LS Chocolatier,Chocolatier,Lyon 2e,Ainay,"47 rue Franklin, 69002 Lyon",+33 9 82 30 35 35,,Social media only,,https://www.google.com/maps/search/?api=1&query=LS%20Chocolatier%2047%20rue%20Franklin%2C%2069002%20Lyon,https://www.facebook.com/LSChocolatier/,,Medium,,,,"Artisan chocolatier-confectioner (Louis Simart) with workshop and shop in Ainay, covered by LyonMag. Only Facebook found. A site could take Easter/Christmas pre-orders and corporate gifts.","WebSearch (Facebook, LyonMag)"
18,Boulangerie Pâtisserie Jacquier,Bakery / pastry,Lyon 3e,Montchat,"52 cours Richard-Vitton, 69003 Lyon",+33 4 78 53 20 52,,Social media only,,https://www.google.com/maps/search/?api=1&query=Boulangerie%20P%C3%A2tisserie%20Jacquier%2052%20cours%20Richard-Vitton%2C%2069003%20Lyon,https://www.facebook.com/maisonjacquier/,,High,4.2,1025,MyBoulange (Google reviews),"Family bakery (a reviewer says 5 generations) with 1,025 reviews, open 7 days. Only Facebook and directories. A site could tell the family story and show breads, cakes, custom orders and hours.","WebSearch (Facebook, MyBoulange)"
19,Barber Shop Haircut & Shaves,Barber,Lyon 3e,Montchat / Dr Long,"3 cours du Docteur Long, 69003 Lyon",+33 4 87 78 39 16,,No website found,,https://www.google.com/maps/search/?api=1&query=Barber%20Shop%20Haircut%20%26%20Shaves%203%20cours%20du%20Docteur%20Long%2C%2069003%20Lyon,,,High,4.9,665,Planity,"Busy, low-price barber (cut 17 EUR, cut + beard 29 EUR); 4.9 from ~665 Planity reviews. Only Planity, Fresha and Treatwell pages. A site with its own name and prices would help it stand out from the booking platforms. Phone is from Fresha.","WebSearch (Planity, Fresha, Treatwell)"
20,Le Monchatois,Restaurant,Lyon 3e,Montchat,"162 cours du Docteur Long, 69003 Lyon",+33 4 78 54 53 70,,Social media only,,https://www.google.com/maps/search/?api=1&query=Le%20Monchatois%20162%20cours%20du%20Docteur%20Long%2C%2069003%20Lyon,https://www.facebook.com/lemontchatois/,,High,4.4,300,Sluurpy (aggregated),"Neighbourhood French restaurant with covered terrace, daily menus 10-20 EUR, takeaway; 4.4 from 300+ recommendations (Intravel: 4.3 from 179). Facebook and directories only. A site could post the daily menu and take bookings.","WebSearch (Facebook, Sluurpy, Intravel)"
21,A Modo Mio – Montchat,Restaurant (pizzeria),Lyon 3e,Montchat,"20 cours du Docteur Long, 69003 Lyon",+33 4 72 35 02 73,,Social media only,,https://www.google.com/maps/search/?api=1&query=A%20Modo%20Mio%20%E2%80%93%20Montchat%2020%20cours%20du%20Docteur%20Long%2C%2069003%20Lyon,https://www.facebook.com/amodomiomontchat/,,High,4.7,200,Google (via aggregators),"Family-run Roman-style pizzeria (slices at lunch, round pizzas at night) with bar and terrace; Google ~4.7 from ~200 reviews. Facebook and Privateaser/Rankeat only. A site could show the menu, takeaway ordering and event booking.","WebSearch (Facebook, Privateaser, Intravel, Rankeat)"
22,Maison Un,Nail salon,Lyon 3e,Préfecture / Lafayette,"142 cours Lafayette, 69003 Lyon",+33 4 27 82 39 96,,Social media only,,https://www.google.com/maps/search/?api=1&query=Maison%20Un%20142%20cours%20Lafayette%2C%2069003%20Lyon,https://www.facebook.com/maisonUNonglerie/,,Medium,,,,"Nail and lash salon (manicure, pedicure, extensions). Only Facebook and a Mappy listing found; no reviews or site found. Check that it is active.","WebSearch (Facebook, Mappy)"
23,Majorelle,Bar / restaurant,Lyon 3e,Montchat,"50 cours du Docteur Long, 69003 Lyon",+33 4 78 42 19 24,,Social media only,,https://www.google.com/maps/search/?api=1&query=Majorelle%2050%20cours%20du%20Docteur%20Long%2C%2069003%20Lyon,https://www.facebook.com/p/Restaurant-Majorelle-61573835330551/,,Medium,4.7,,Google (via Privateaser),"Bistronomic bar-restaurant with a 200 m² shaded garden terrace, menu changing every two weeks, groups up to 69; Google 4.7. Facebook page is recent (2025) and only Privateaser lists it. A site could sell after-work and private events. Review count not confirmed.","WebSearch (Facebook, Privateaser)"
24,Le 20 Barber Shop,Barber,Lyon 4e,Croix-Rousse plateau,"20 place de la Croix-Rousse, 69004 Lyon",+33 4 26 18 26 00,"+33 4 87 37 31 87 (second shop, 38 cours Franklin Roosevelt 69006, 4.9 from 2,685 Planity reviews). Fresha also shows the main number for Les Hommes d'Abord Lyautey; confirm",Social media only,,https://www.google.com/maps/search/?api=1&query=Le%2020%20Barber%20Shop%2020%20place%20de%20la%20Croix-Rousse%2C%2069004%20Lyon,https://www.facebook.com/le20barbershop/,,High,4.9,2892,Planity,"Very popular barber with two shops (Croix-Rousse 4.9 from 2,892 Planity reviews; Lyon 6e 4.9 from 2,685), featured in Le Bonbon's best Lyon barbers. Only Facebook and booking platforms (Planity, Fresha). A site could present both shops, services, prices and team. A Facebook post once said the Croix-Rousse shop was closed for works: confirm it has reopened.","WebSearch (Facebook, Planity, Fresha, Le Bonbon)"
25,Restaurant de l'Angle,Restaurant (Turkish),Lyon 4e,Croix-Rousse plateau,"62 Grande Rue de la Croix-Rousse, 69004 Lyon",+33 4 78 27 21 30,,Social media only,,https://www.google.com/maps/search/?api=1&query=Restaurant%20de%20l%27Angle%2062%20Grande%20Rue%20de%20la%20Croix-Rousse%2C%2069004%20Lyon,https://www.facebook.com/restaurantdelangle/,,High,4.1,1934,,"Busy Turkish restaurant/kebab open daily 11:00-23:00; Google 4.1 from ~1,934 reviews (via Sluurpy), featured by Lyon Secret. Facebook and directories only. A site could show the menu (grills, mezze, köfte), hours and takeaway.","WebSearch (Facebook, Sluurpy, Lyon Secret, Eat-list, Intravel)"
26,Robert Croix-Rousse,Café / restaurant,Lyon 4e,Croix-Rousse plateau,"87 boulevard de la Croix-Rousse, 69004 Lyon",+33 4 78 29 80 14,,No website found,,https://www.google.com/maps/search/?api=1&query=Robert%20Croix-Rousse%2087%20boulevard%20de%20la%20Croix-Rousse%2C%2069004%20Lyon,,,Medium,4.7,99,Google (via Sluurpy),"Café-restaurant with terrace and brunch (pies, salads, small plates, cocktails); Google 4.7 from 99 reviews, 'une véritable pépite du boulevard'. No own site found. Phone is from Sluurpy only.","WebSearch (Sluurpy, Intravel, Findit)"
27,Croix-Rousse Tandoori,Restaurant (Indian),Lyon 4e,Croix-Rousse plateau,"4 rue de Belfort, 69004 Lyon",+33 7 68 55 44 25,,Social media only,,https://www.google.com/maps/search/?api=1&query=Croix-Rousse%20Tandoori%204%20rue%20de%20Belfort%2C%2069004%20Lyon,https://www.facebook.com/p/Croix-Rousse-Tandoori-100047634135751/,,Medium,,,,"Indian restaurant registered since 2009, menus 16-20 EUR, room for private events of up to 40. Facebook and directories only (PagesJaunes, Eat-list, Privateaser). Review count not confirmed.","WebSearch (Facebook, PagesJaunes, Eat-list, Privateaser)"
28,Notre Maison,Restaurant (bouchon),Lyon 5e,Vieux Lyon – Saint-Jean,"2 rue de Gadagne, 69005 Lyon",+33 4 72 41 78 48,,Social media only,,https://www.google.com/maps/search/?api=1&query=Notre%20Maison%202%20rue%20de%20Gadagne%2C%2069005%20Lyon,https://www.facebook.com/p/Notre-Maison-100064926284153/,,High,4.6,2400,Restaurant Guru,"Traditional bouchon running 20+ years in Saint-Jean; 4.6 from 2,400+ reviews, booking required, listed in Le Bonbon's best bouchons. Facebook and guides only. A site could show the menu (saucisson chaud, joue de boeuf), hours and a booking button.","WebSearch (Facebook, Compagnie du Rognon, Rankeat, Cylex, Le Bonbon)"
29,Le Touareg,Restaurant (Moroccan),Lyon 5e,Vieux Lyon – Saint-Jean,"38 rue du Bœuf, 69005 Lyon",+33 4 72 77 69 66,+33 7 75 24 84 73 (another guide),No website found,,https://www.google.com/maps/search/?api=1&query=Le%20Touareg%2038%20rue%20du%20B%C5%93uf%2C%2069005%20Lyon,,,High,4.5,2142,Google (via Sluurpy),"Moroccan restaurant and daytime tea room (tajines, couscous, pastilla); Google 4.5 from 2,142 reviews, in Le Bonbon's Vieux-Lyon picks. No own site found; two phone numbers circulate. A site could show the menu, tea-room hours and the right number.","WebSearch (Sluurpy, Rankeat, Le Bonbon, Lyon Capitale)"
30,Au Palais d'Or,Bakery / pastry,Lyon 5e,Point du Jour / Champvert,"25 avenue du Général Eisenhower, 69005 Lyon",+33 4 78 25 81 73,,Social media only,,https://www.google.com/maps/search/?api=1&query=Au%20Palais%20d%27Or%2025%20avenue%20du%20G%C3%A9n%C3%A9ral%20Eisenhower%2C%2069005%20Lyon,https://www.facebook.com/p/Boulangerie-Le-Palais-DOr-100063567761672/,,High,4.5,224,MyBoulange,"Neighbourhood bakery open 6 days (sandwiches, quiches, celebration cakes to order); 4.5 from 224 reviews. Facebook and directories only. A site could take cake orders online.","WebSearch (Facebook, MyBoulange, Acceslibre)"
31,Les Pavés de Saint Jean,Restaurant (Lyonnais),Lyon 5e,Vieux Lyon – Saint-Jean,"23 rue Saint-Jean, 69005 Lyon",+33 4 78 42 25 13,,No website found,,https://www.google.com/maps/search/?api=1&query=Les%20Pav%C3%A9s%20de%20Saint%20Jean%2023%20rue%20Saint-Jean%2C%2069005%20Lyon,,,Medium,4.4,1649,Google (via Sluurpy),"Lyonnais restaurant on the main tourist street with 3 menus (21/25/29 EUR); Google 4.4 from 1,649 reviews. No own site found. Phone comes from one directory (Koifaire) only: confirm.","WebSearch (Sluurpy, Restaurant Guru, Koifaire, Wanderlog)"
32,Bouchon Rouge,Restaurant (bouchon),Lyon 5e,Vieux Lyon – Saint-Jean,"2 rue des Trois Maries, 69005 Lyon",+33 4 78 37 95 93,,Social media only,,https://www.google.com/maps/search/?api=1&query=Bouchon%20Rouge%202%20rue%20des%20Trois%20Maries%2C%2069005%20Lyon,https://www.facebook.com/p/Bouchon-Rouge-100063671794965/,,Medium,,,,"Eco-responsible bouchon, 120 seats over two floors, open daily, available for private hire; menus 19.90-43.90 EUR. Only Facebook and the tourism-office listings found. A site could sell group menus and private hire. Review count not confirmed.","WebSearch (Facebook, visiterlyon.com, Auvergne-Rhône-Alpes Tourisme, Pearl)"
33,Bistrot de Saint Jean,Restaurant (bouchon),Lyon 5e,Vieux Lyon – Saint-Jean,"3 place du Petit Collège, 69005 Lyon",+33 4 78 37 15 81,,No website found,,https://www.google.com/maps/search/?api=1&query=Bistrot%20de%20Saint%20Jean%203%20place%20du%20Petit%20Coll%C3%A8ge%2C%2069005%20Lyon,,,Low,4.3,43,Intravel (aggregated),Small traditional bouchon in Saint-Jean; 4.3 from 43 reviews. No own site found; directory data is thin and current status is unconfirmed.,"WebSearch (Intravel, Restaurant Guru, Minube)"
34,La Havane Barbershop,Barber,Lyon 6e,Brotteaux / Sèze,"121 rue de Sèze, 69006 Lyon",+33 7 81 38 21 69,,Social media only,,https://www.google.com/maps/search/?api=1&query=La%20Havane%20Barbershop%20121%20rue%20de%20S%C3%A8ze%2C%2069006%20Lyon,https://www.facebook.com/p/La-Havane-barbershop-100025628882424/,,High,5.0,1149,Planity,"Cuban-themed barbershop rated 5.0 from 1,149 Planity reviews. Only Facebook and Planity/Fresha. A site could show the concept, prices and team. Phone is from Fresha.","WebSearch (Facebook, Planity, Fresha)"
35,Les Saveurs du Bistrot,Restaurant (bistro),Lyon 6e,Brotteaux,"10 rue du Professeur Weill, 69006 Lyon",+33 4 37 24 14 25,,Social media only,,https://www.google.com/maps/search/?api=1&query=Les%20Saveurs%20du%20Bistrot%2010%20rue%20du%20Professeur%20Weill%2C%2069006%20Lyon,https://www.facebook.com/lessaveursdubistrotlyon,,High,4.8,825,Intravel (aggregated),Gault&Millau 'Table Gourmande' 11.5/20 bistro with updated Lyonnais dishes; 4.8 from 825 reviews. Facebook and guides only. A site could show the seasonal menu and booking.,"WebSearch (Facebook, Gault&Millau, Intravel, Eat-list)"
36,O Zaa'tar,Restaurant (Lebanese),Lyon 6e,Garibaldi / Part-Dieu,"60 rue Garibaldi, 69006 Lyon",+33 7 61 63 50 64,,Social media only,,https://www.google.com/maps/search/?api=1&query=O%20Zaa%27tar%2060%20rue%20Garibaldi%2C%2069006%20Lyon,https://www.facebook.com/ozaatar/,,High,4.9,500,Google (via Sluurpy),"Lebanese restaurant with tasting menu and rarer Lebanese recipes, dine-in, takeaway and delivery; Google 4.9 from ~500 reviews. Facebook and directories only. A site could show the tasting menu and take orders.","WebSearch (Facebook, Sluurpy, Keskeces)"
37,À Notre Table,Restaurant (bistro),Lyon 6e,Brotteaux,"28 rue Notre-Dame, 69006 Lyon",+33 9 88 00 96 44,,No website found,,https://www.google.com/maps/search/?api=1&query=%C3%80%20Notre%20Table%2028%20rue%20Notre-Dame%2C%2069006%20Lyon,,,High,4.9,213,Google (via Restaurant Guru),"Small family bistro whose chef trained with Paul Bocuse; all home-made, lunch menu 27 EUR; Google 4.9 from ~213 reviews, 2,200+ Sluurpy recommendations. No own site found. A site could tell the chef's story, show the menu and take bookings. Phone is from Sluurpy.","WebSearch (Sluurpy, Intravel, Wanderlog, Rankeat, La Carte)"
38,Bistrot Brotteaux,Restaurant (bistro),Lyon 6e,Brotteaux,"58 boulevard des Brotteaux, 69006 Lyon",+33 4 72 14 05 85,,No website found,,https://www.google.com/maps/search/?api=1&query=Bistrot%20Brotteaux%2058%20boulevard%20des%20Brotteaux%2C%2069006%20Lyon,,,High,4.8,207,Google (via Restaurant Guru),Neighbourhood bistro rated 4.8 from 207 Google reviews. No own site found. A site could show the menu and hours (a reviewer complained about the kitchen closing at 14:00). Phone is from Sluurpy.,"WebSearch (Sluurpy, Restaurant Guru)"
39,Le Marélie Brotteaux,Restaurant (crêperie),Lyon 6e,Brotteaux,"57 boulevard des Brotteaux, 69006 Lyon",+33 4 78 41 70 08,,Website unclear,,https://www.google.com/maps/search/?api=1&query=Le%20Mar%C3%A9lie%20Brotteaux%2057%20boulevard%20des%20Brotteaux%2C%2069006%20Lyon,,,Medium,4.5,1124,Google (via Sluurpy),"Breton crêperie with weekday lunch menu (13.90-14.90 EUR); Google 4.5 from 1,124 reviews, in Le Bonbon's crêperie list. No own site seen in results, but not confirmed either way: check by hand.","WebSearch (Le Bonbon, Sluurpy, La Carte, Wanderlog)"
40,Belyum,Nail salon,Lyon 6e,Foch,"Avenue du Maréchal Foch, 69006 Lyon (street number not confirmed)",+33 7 44 96 02 42,,No website found,,https://www.google.com/maps/search/?api=1&query=Belyum%20Avenue%20du%20Mar%C3%A9chal%20Foch%2C%2069006%20Lyon%20%28street%20number%20not%20confirmed%29,,,Medium,4.9,480,Planity,Nail salon rated 4.9 from 480 Planity reviews; reviewers praise a gentle prothésiste and warm welcome. No own site found. Phone appeared in one search snippet and street number is unconfirmed: verify both.,WebSearch (Planity)
41,Reines des Ongles,Nail salon,Lyon 6e,Brotteaux,"6 rue Professeur Weill, 69006 Lyon",+33 4 78 26 18 50,+33 9 86 23 45 78 (Fresha),Social media only,,https://www.google.com/maps/search/?api=1&query=Reines%20des%20Ongles%206%20rue%20Professeur%20Weill%2C%2069006%20Lyon,https://www.facebook.com/reinesdesongles/,,Medium,4.9,201,Planity,"Women-only nail institute by appointment, 4.9 from 201 Planity reviews. Facebook and booking platforms only. Phone numbers conflict between Planity/Facebook and Fresha: confirm before calling.","WebSearch (Facebook, Planity, Fresha)"
42,Brocoli,Restaurant (vegan),Lyon 6e,Brotteaux / Masséna,"71 rue Masséna, 69006 Lyon",+33 4 78 24 35 27,,Website unclear,,https://www.google.com/maps/search/?api=1&query=Brocoli%2071%20rue%20Mass%C3%A9na%2C%2069006%20Lyon,https://www.facebook.com/brocoliresto/,,Medium,4.9,,Google (via guides),"100% vegan bistronomic restaurant with a 5-course surprise menu, recommended by Visit Lyon; Google ~4.9. Facebook and guides found but website status unconfirmed: check by hand.","WebSearch (Facebook, visiterlyon.com, Spinach Guide)"
43,Chez Rosa,Restaurant (bistro),Lyon 6e,Foch,"26 bis rue Duquesne, 69006 Lyon",+33 4 78 93 20 91,,Social media only,,https://www.google.com/maps/search/?api=1&query=Chez%20Rosa%2026%20bis%20rue%20Duquesne%2C%2069006%20Lyon,https://www.facebook.com/p/Chez-Rosa-Lyon-100089086310421/,,Medium,,,,"Bistro opened in 2023 by chef-owners Nicolas Pujo and Arthur Jacques; reviewed by Lyon Capitale, few seats so booking needed, hidden terrace. Facebook and Mapstr only. A young business likely to want a site. Review count not confirmed.","WebSearch (Facebook, Lyon Capitale, Mapstr)"
44,Messob,Restaurant (Ethiopian),Lyon 6e,Brotteaux / Masséna,"85 rue Masséna, 69006 Lyon",+33 4 78 24 25 75,,No website found,,https://www.google.com/maps/search/?api=1&query=Messob%2085%20rue%20Mass%C3%A9na%2C%2069006%20Lyon,,,Medium,4.8,,Google (via Restaurant Guru),"Described as Lyon's only Ethiopian restaurant (shared injera platters, vegan dishes); Google 4.8, featured by Le Bonbon and LyonMag. No own site found. A site could explain the dishes and the shared-platter experience. Review count not confirmed.","WebSearch (Restaurant Guru, Mapstr, Le Bonbon, LyonMag, Koifaire)"
45,Pho 69,Restaurant (Vietnamese),Lyon 7e,Guillotière,"15 rue d'Aguesseau, 69007 Lyon",+33 9 86 38 59 06,+33 6 50 56 75 50 (another listing),No website found,,https://www.google.com/maps/search/?api=1&query=Pho%2069%2015%20rue%20d%27Aguesseau%2C%2069007%20Lyon,https://www.facebook.com/restopho69/,,High,4.3,2684,Aggregated (menu sites),"Small family-run Vietnamese restaurant (pho, bo bun) with 2,684 reviews averaging 4.3; busy at lunch with many delivery orders. Facebook and menu aggregators only; two phone numbers circulate. A site could take direct orders and avoid delivery-platform fees.","WebSearch (Facebook, Sluurpy, Intravel, La Carte, PagesJaunes)"
46,Lorelei Da Barber,Barber,Lyon 7e,Gerland,"127 rue de Gerland, 69007 Lyon",+33 6 45 32 20 11,+33 9 81 44 71 06 (one Fresha listing),No website found,,https://www.google.com/maps/search/?api=1&query=Lorelei%20Da%20Barber%20127%20rue%20de%20Gerland%2C%2069007%20Lyon,,,High,5.0,346,Planity,"Barber with 19 years' experience, rated 5.0 from 346 Planity reviews; bookings only via Planity. No own site found. A site could show the barber's story, prices and booking rules.","WebSearch (Planity, Fresha)"
47,"Manélin, le Boulanger de Jean Macé",Bakery / pastry,Lyon 7e,Jean Macé,"43 rue Elie Rochette, 69007 Lyon",+33 4 78 72 43 93,,Social media only,,https://www.google.com/maps/search/?api=1&query=Man%C3%A9lin%2C%20le%20Boulanger%20de%20Jean%20Mac%C3%A9%2043%20rue%20Elie%20Rochette%2C%2069007%20Lyon,https://www.facebook.com/manelinleboulangerdejeanmace/,,High,4.7,249,Google (via Demotivateur),"Bakery known for its praline tart; 4.7 from 249 reviews, featured in a press piece on Lyon 7e bakeries. Facebook and directories only. A site could take cake and tart orders and show hours.","WebSearch (Facebook, Demotivateur, Bottin, Restaurant Guru)"
48,Fournil & Fourneaux,Bakery / pastry,Lyon 7e,Jean Macé / Gerland,"21 rue Marc Bloch, 69007 Lyon",+33 9 53 66 30 28,,Social media only,,https://www.google.com/maps/search/?api=1&query=Fournil%20%26%20Fourneaux%2021%20rue%20Marc%20Bloch%2C%2069007%20Lyon,https://www.facebook.com/FourniletFourneaux/,,High,4.7,201,Intravel (aggregated),"Artisan bakery with a second shop at 56 Grande Rue de la Croix-Rousse (4e); 4.7 from ~201 reviews and press coverage (queue at 6am). Facebook and directories only. A site could present both shops, signature products and hours.","WebSearch (Facebook, Intravel, Demotivateur)"
49,Prestige Garibaldi,Auto repair / used cars,Lyon 7e,Guillotière / Garibaldi,"3 rue de l'Abbé Boisard, 69007 Lyon",+33 4 78 61 13 50,+33 6 26 49 08 02 (Facebook),Social media only,,https://www.google.com/maps/search/?api=1&query=Prestige%20Garibaldi%203%20rue%20de%20l%27Abb%C3%A9%20Boisard%2C%2069007%20Lyon,https://www.facebook.com/prestigegaribaldi69/,,High,4.4,200,Bottin (votes),"Garage doing maintenance, repair and sale of selected vehicles; 4.4 from 200+ votes, open weekdays 9:00-20:00. Facebook and Bottin only. A site could list services, prices and cars for sale.","WebSearch (Facebook, Bottin)"
50,Terrasse de la Guill,Restaurant (African),Lyon 7e,Guillotière,"36 rue de la Thibaudière, 69007 Lyon",+33 4 37 65 72 69,,Social media only,,https://www.google.com/maps/search/?api=1&query=Terrasse%20de%20la%20Guill%2036%20rue%20de%20la%20Thibaudi%C3%A8re%2C%2069007%20Lyon,https://www.facebook.com/terrassedelaguill/,,Medium,4.3,50,Google (via Sluurpy),"African restaurant with terrace run by the former owner of Conakry; Google 4.3 from 50 reviews, meals 10-20 EUR. Facebook, Sluurpy and TheFork only.","WebSearch (Facebook, Sluurpy)"
51,Octopus,Bar / restaurant,Lyon 7e,Guillotière,"113 Grande Rue de la Guillotière, 69007 Lyon",+33 4 72 71 63 87,,Social media only,,https://www.google.com/maps/search/?api=1&query=Octopus%20113%20Grande%20Rue%20de%20la%20Guilloti%C3%A8re%2C%2069007%20Lyon,https://www.facebook.com/OctopusLyon/,,Medium,,,,"Craft-beer bar-restaurant: 8 regional beers on tap, home-made food, tree-shaded terrace, football screenings; featured in OnlyLyon press news. Facebook and directories only (Privateaser, Schlouk Map, Mapstr). Review count not confirmed.","WebSearch (Facebook, Privateaser, Schlouk Map, lyon-france.com, Acceslibre)"
52,Sans Gluten Pizza Épicerie,Restaurant (gluten-free pizzeria),Lyon 7e,Guillotière,"88 Grande Rue de la Guillotière, 69007 Lyon",+33 6 60 95 88 14,,Social media only,,https://www.google.com/maps/search/?api=1&query=Sans%20Gluten%20Pizza%20%C3%89picerie%2088%20Grande%20Rue%20de%20la%20Guilloti%C3%A8re%2C%2069007%20Lyon,https://www.facebook.com/SansGlutenPizzaEpicerie/,,Medium,,,,"100% gluten-free pizzeria and grocery with dedicated oven, takeaway and delivery; praised in gluten-free guides (Atly, Gluto). Facebook and guides only. A site could explain its kitchen safety for coeliacs and take orders. Review count not confirmed.","WebSearch (Facebook, Atly, Gluto)"
53,Tam-Tam,Restaurant (West African),Lyon 7e,Guillotière,"164 Grande Rue de la Guillotière, 69007 Lyon",+33 4 26 17 25 34,,Social media only,,https://www.google.com/maps/search/?api=1&query=Tam-Tam%20164%20Grande%20Rue%20de%20la%20Guilloti%C3%A8re%2C%2069007%20Lyon,https://www.facebook.com/restauranttamtamlyon/,,Medium,4.7,,Google (via Privateaser),"West African restaurant (foutou, poulet yassa), 50 seats, Uber Eats delivery; Google 4.7. Only Facebook, Privateaser and Uber Eats. A site could show the menu, group bookings and delivery links. Review count not confirmed.","WebSearch (Facebook, Privateaser)"
54,Maestro L'Artisan Coiffeur Homme Barbier,Barber,Lyon 8e,États-Unis / Villon,"79 rue Villon, 69008 Lyon",+33 9 73 36 74 15,,No website found,,https://www.google.com/maps/search/?api=1&query=Maestro%20L%27Artisan%20Coiffeur%20Homme%20Barbier%2079%20rue%20Villon%2C%2069008%20Lyon,,,High,4.9,1294,Planity,"Men's hair and beard artisan rated 4.9 from 1,294 Planity reviews (cut 26 EUR, cut + beard 48 EUR). Only Planity and Fresha. A site could show the team, prices and booking.","WebSearch (Planity, Fresha)"
55,Bar des Champ's,Bar / restaurant,Lyon 8e,Monplaisir,"120 avenue des Frères Lumière, 69008 Lyon",+33 4 78 00 73 31,,No website found,,https://www.google.com/maps/search/?api=1&query=Bar%20des%20Champ%27s%20120%20avenue%20des%20Fr%C3%A8res%20Lumi%C3%A8re%2C%2069008%20Lyon,,,High,4.4,744,Google (via Sluurpy),"Bar-restaurant with tapas, cocktails, terrace and room for 50-100 guests, open from 7:30; Google 4.4 from ~744 reviews. Only directories found (Privateaser, Schlouk Map, Justacoté). A site could sell group events and show the menu.","WebSearch (Privateaser, Schlouk Map, Sluurpy, Justacoté)"
56,L'Auberge,Restaurant (Savoyard / Lyonnais),Lyon 8e,Monplaisir,"72 avenue des Frères Lumière, 69008 Lyon",+33 4 78 00 77 64,,Social media only,,https://www.google.com/maps/search/?api=1&query=L%27Auberge%2072%20avenue%20des%20Fr%C3%A8res%20Lumi%C3%A8re%2C%2069008%20Lyon,https://www.facebook.com/laubergerestaurantlyon/,,High,,,,"Family restaurant (Blache family, 2 generations) open since 1960; Savoyard specialities (tartiflette), up to 75 guests, featured by Lyon Secret. Facebook and directories only. A site could show the winter Savoyard menu and group bookings. Review count not confirmed.","WebSearch (Facebook, Lyon Secret, Privateaser, Keskeces, Intravel)"
57,L'Esprit Bistrot Monplaisir,Restaurant (bistro),Lyon 8e,Monplaisir,"13 rue Berchet, 69008 Lyon",+33 4 78 74 38 42,,Website unclear,lespritbistrot.com (seen only in an email address),https://www.google.com/maps/search/?api=1&query=L%27Esprit%20Bistrot%20Monplaisir%2013%20rue%20Berchet%2C%2069008%20Lyon,https://www.facebook.com/lespritbistrot.monplaisir/,,Medium,4.0,784,Google (via Sluurpy),"Voted best neighbourhood restaurant in Lyon 8 (Le Progrès / City of Lyon); short-supply-chain bistro, events for 50-70; Google 4.0 from 784 reviews. An email uses lespritbistrot.com but no live site was confirmed: check by hand.","WebSearch (Facebook, Privateaser, ABCSalles, Mapstr, Schlouk Map)"
58,Aussie Frenchi,Café / brunch,Lyon 9e,Vaise,"15 Grande Rue de Vaise, 69009 Lyon",+33 9 81 39 35 35,,No website found,,https://www.google.com/maps/search/?api=1&query=Aussie%20Frenchi%2015%20Grande%20Rue%20de%20Vaise%2C%2069009%20Lyon,,,High,4.8,376,Google (via Sluurpy),"French-Australian café opened in 2020 (pastries, cookies, flans, bagels, brunch) with terrace; Google 4.8 from ~376 reviews, 2,300+ Sluurpy recommendations. No own site found. A site could show the menu, brunch hours and pre-orders.","WebSearch (Sluurpy, Mapstr)"
59,Accords Gourmands,Restaurant (bistronomy),Lyon 9e,Vaise,"21 Grande Rue de Vaise, 69009 Lyon",+33 4 78 83 84 90,,Social media only,,https://www.google.com/maps/search/?api=1&query=Accords%20Gourmands%2021%20Grande%20Rue%20de%20Vaise%2C%2069009%20Lyon,https://www.facebook.com/accordsgourmands69009/,,High,4.9,249,Intravel (aggregated),"Organic, local bistronomy with seasonal menu (30-40 EUR); 4.9 from 249 reviews, 2,785 Sluurpy recommendations. Facebook and directories only; hours conflict between listings. A site could publish the menu and correct hours.","WebSearch (Facebook, Sluurpy, Intravel, Keskeces, 118712)"
60,Le Saint Didier,Restaurant (seafood),Lyon 9e,Vaise / Valmy,"23 rue Saint-Pierre de Vaise, 69009 Lyon",+33 4 78 83 70 50,,No website found,,https://www.google.com/maps/search/?api=1&query=Le%20Saint%20Didier%2023%20rue%20Saint-Pierre%20de%20Vaise%2C%2069009%20Lyon,,,High,4.3,217,Sluurpy (aggregated),"Fish and seafood restaurant (royal bouillabaisse, seafood platters to take away); 4.3 from 217 reviews. Only the tourism-office and directory listings found, with conflicting hours. A site could take seafood-platter orders for holidays.","WebSearch (visiterlyon.com, Sluurpy, Restaurant Guru)"
61,Le Tiroir,Restaurant (bistronomy),Lyon 9e,Vaise,"20 Grande Rue de Vaise, 69009 Lyon",+33 4 78 64 75 96,,Social media only,,https://www.google.com/maps/search/?api=1&query=Le%20Tiroir%2020%20Grande%20Rue%20de%20Vaise%2C%2069009%20Lyon,https://www.facebook.com/restaurantletiroir/,,High,,,,"Michelin Bib Gourmand bistro with a young team and regularly changing menus; contact is a Gmail address and Facebook only. A Michelin-listed restaurant with no site is a strong prospect: menus, hours and booking. Review count not confirmed.","WebSearch (Facebook, Michelin Guide)"
62,Henri's Boucherie Traiteur,Butcher / caterer,Lyon 9e,Vaise,"16 rue Saint-Pierre de Vaise, 69009 Lyon",+33 4 78 83 68 28,,Social media only,,https://www.google.com/maps/search/?api=1&query=Henri%27s%20Boucherie%20Traiteur%2016%20rue%20Saint-Pierre%20de%20Vaise%2C%2069009%20Lyon,https://www.facebook.com/profile.php?id=100063457093136,,Low,,,,Butcher-charcutier-caterer in Vaise. Only Facebook and a Mappy listing; no reviews found and status unconfirmed.,"WebSearch (Facebook, Mappy)"
