file,car_id,source,source_url,post_date,original_size,label,plate_blurred,used_in
cupra-formentor-01.jpg,cupra-formentor,Facebook,https://www.facebook.com/permalink.php?story_fbid=pfbid0KZfzmsXycSkLRRH8sBXzqgKDrh9nrPUncPcmjJ2gRetqAEz4SkgBL8gkgmbVKAdvl&id=100064048541047,2026-09-27,2048x1536,"Cupra Formentor e-Hybrid gris Nardo, vue avant trois-quarts",no (dealer plate or none visible),stock: car panel + cover
cupra-formentor-02.jpg,cupra-formentor,Facebook,https://www.facebook.com/permalink.php?story_fbid=pfbid0KZfzmsXycSkLRRH8sBXzqgKDrh9nrPUncPcmjJ2gRetqAEz4SkgBL8gkgmbVKAdvl&id=100064048541047,2026-09-27,2048x1536,"Cupra Formentor, avant",no (dealer plate or none visible),stock: car panel
cupra-formentor-03.jpg,cupra-formentor,Facebook,https://www.facebook.com/permalink.php?story_fbid=pfbid0KZfzmsXycSkLRRH8sBXzqgKDrh9nrPUncPcmjJ2gRetqAEz4SkgBL8gkgmbVKAdvl&id=100064048541047,2026-09-27,2048x1536,"Cupra Formentor, profil avant",no (dealer plate or none visible),stock: car panel
cupra-formentor-04.jpg,cupra-formentor,Facebook,https://www.facebook.com/permalink.php?story_fbid=pfbid0KZfzmsXycSkLRRH8sBXzqgKDrh9nrPUncPcmjJ2gRetqAEz4SkgBL8gkgmbVKAdvl&id=100064048541047,2026-09-27,2048x1536,"Cupra Formentor, arrière trois-quarts",yes,stock: car panel
cupra-formentor-05.jpg,cupra-formentor,Facebook,https://www.facebook.com/permalink.php?story_fbid=pfbid0KZfzmsXycSkLRRH8sBXzqgKDrh9nrPUncPcmjJ2gRetqAEz4SkgBL8gkgmbVKAdvl&id=100064048541047,2026-09-27,2048x1536,"Cupra Formentor, arrière",yes,stock: car panel
cupra-formentor-06.jpg,cupra-formentor,Facebook,https://www.facebook.com/permalink.php?story_fbid=pfbid0KZfzmsXycSkLRRH8sBXzqgKDrh9nrPUncPcmjJ2gRetqAEz4SkgBL8gkgmbVKAdvl&id=100064048541047,2026-09-27,2048x1536,"Cupra Formentor, poste de conduite",no (dealer plate or none visible),stock: car panel
cupra-formentor-07.jpg,cupra-formentor,Facebook,https://www.facebook.com/permalink.php?story_fbid=pfbid0KZfzmsXycSkLRRH8sBXzqgKDrh9nrPUncPcmjJ2gRetqAEz4SkgBL8gkgmbVKAdvl&id=100064048541047,2026-09-27,1536x2048,"Cupra Formentor, sièges baquets",no (dealer plate or none visible),stock: car panel
cupra-formentor-08.jpg,cupra-formentor,Facebook,https://www.facebook.com/permalink.php?story_fbid=pfbid0KZfzmsXycSkLRRH8sBXzqgKDrh9nrPUncPcmjJ2gRetqAEz4SkgBL8gkgmbVKAdvl&id=100064048541047,2026-09-27,1536x2048,"Cupra Formentor, jante bronze R19",no (dealer plate or none visible),stock: car panel
mercedes-glc300e-coupe-01.jpg,mercedes-glc300e-coupe,Facebook,https://www.facebook.com/permalink.php?story_fbid=pfbid027A5z1Ggo9os6qDDawjV8YX85hVeg5f45UdQwefD4AVY1Atnu6d6U8hi3Zs2Rm9oZl&id=100064048541047,2026-09-27,2048x1536,"Mercedes-Benz GLC 300e Coupé 4MATIC, vue avant trois-quarts",no (dealer plate or none visible),stock: car panel + cover
mercedes-glc300e-coupe-02.jpg,mercedes-glc300e-coupe,Facebook,https://www.facebook.com/permalink.php?story_fbid=pfbid027A5z1Ggo9os6qDDawjV8YX85hVeg5f45UdQwefD4AVY1Atnu6d6U8hi3Zs2Rm9oZl&id=100064048541047,2026-09-27,2048x1536,"GLC 300e Coupé, avant",no (dealer plate or none visible),stock: car panel
mercedes-glc300e-coupe-03.jpg,mercedes-glc300e-coupe,Facebook,https://www.facebook.com/permalink.php?story_fbid=pfbid027A5z1Ggo9os6qDDawjV8YX85hVeg5f45UdQwefD4AVY1Atnu6d6U8hi3Zs2Rm9oZl&id=100064048541047,2026-09-27,2048x1536,"GLC 300e Coupé, arrière trois-quarts",yes,stock: car panel
mercedes-glc300e-coupe-04.jpg,mercedes-glc300e-coupe,Facebook,https://www.facebook.com/permalink.php?story_fbid=pfbid027A5z1Ggo9os6qDDawjV8YX85hVeg5f45UdQwefD4AVY1Atnu6d6U8hi3Zs2Rm9oZl&id=100064048541047,2026-09-27,2048x1536,"GLC 300e Coupé, arrière",yes,stock: car panel
mercedes-glc300e-coupe-05.jpg,mercedes-glc300e-coupe,Facebook,https://www.facebook.com/permalink.php?story_fbid=pfbid027A5z1Ggo9os6qDDawjV8YX85hVeg5f45UdQwefD4AVY1Atnu6d6U8hi3Zs2Rm9oZl&id=100064048541047,2026-09-27,2048x1536,"GLC 300e Coupé, planche de bord",no (dealer plate or none visible),stock: car panel
mercedes-glc300e-coupe-06.jpg,mercedes-glc300e-coupe,Facebook,https://www.facebook.com/permalink.php?story_fbid=pfbid027A5z1Ggo9os6qDDawjV8YX85hVeg5f45UdQwefD4AVY1Atnu6d6U8hi3Zs2Rm9oZl&id=100064048541047,2026-09-27,1536x2048,"GLC 300e Coupé, sièges cuir Nappa camel",no (dealer plate or none visible),stock: car panel
mercedes-glc300e-coupe-07.jpg,mercedes-glc300e-coupe,Facebook,https://www.facebook.com/permalink.php?story_fbid=pfbid027A5z1Ggo9os6qDDawjV8YX85hVeg5f45UdQwefD4AVY1Atnu6d6U8hi3Zs2Rm9oZl&id=100064048541047,2026-09-27,2048x1536,"GLC 300e Coupé, éclairage d’ambiance",no (dealer plate or none visible),stock: car panel
mercedes-glc300e-coupe-08.jpg,mercedes-glc300e-coupe,Facebook,https://www.facebook.com/permalink.php?story_fbid=pfbid027A5z1Ggo9os6qDDawjV8YX85hVeg5f45UdQwefD4AVY1Atnu6d6U8hi3Zs2Rm9oZl&id=100064048541047,2026-09-27,1536x2048,"GLC 300e Coupé, monogramme arrière",no (dealer plate or none visible),stock: car panel
bmw-530e-01.jpg,bmw-530e,Facebook,https://www.facebook.com/permalink.php?story_fbid=pfbid022G96iLNmPqg1kbXij5hymz7ggqMSi944q9MeBNG7CBHCM3UFNxEnA7FA5wGsR9zZl&id=100064048541047,2026-09-25,2048x1536,"BMW 530e Luxury Line, vue avant trois-quarts",no (dealer plate or none visible),stock: car panel + cover
bmw-530e-02.jpg,bmw-530e,Facebook,https://www.facebook.com/permalink.php?story_fbid=pfbid022G96iLNmPqg1kbXij5hymz7ggqMSi944q9MeBNG7CBHCM3UFNxEnA7FA5wGsR9zZl&id=100064048541047,2026-09-25,1536x2048,"BMW 530e, avant",no (dealer plate or none visible),stock: car panel
bmw-530e-03.jpg,bmw-530e,Facebook,https://www.facebook.com/permalink.php?story_fbid=pfbid022G96iLNmPqg1kbXij5hymz7ggqMSi944q9MeBNG7CBHCM3UFNxEnA7FA5wGsR9zZl&id=100064048541047,2026-09-25,2048x1536,"BMW 530e, arrière trois-quarts",yes,stock: car panel
bmw-530e-04.jpg,bmw-530e,Facebook,https://www.facebook.com/permalink.php?story_fbid=pfbid022G96iLNmPqg1kbXij5hymz7ggqMSi944q9MeBNG7CBHCM3UFNxEnA7FA5wGsR9zZl&id=100064048541047,2026-09-25,2048x1536,"BMW 530e, arrière",yes,stock: car panel
bmw-530e-05.jpg,bmw-530e,Facebook,https://www.facebook.com/permalink.php?story_fbid=pfbid022G96iLNmPqg1kbXij5hymz7ggqMSi944q9MeBNG7CBHCM3UFNxEnA7FA5wGsR9zZl&id=100064048541047,2026-09-25,2048x1536,"BMW 530e, poste de conduite cuir marron",no (dealer plate or none visible),stock: car panel
bmw-530e-06.jpg,bmw-530e,Facebook,https://www.facebook.com/permalink.php?story_fbid=pfbid022G96iLNmPqg1kbXij5hymz7ggqMSi944q9MeBNG7CBHCM3UFNxEnA7FA5wGsR9zZl&id=100064048541047,2026-09-25,1536x2048,"BMW 530e, console centrale",no (dealer plate or none visible),stock: car panel
bmw-530e-07.jpg,bmw-530e,Facebook,https://www.facebook.com/permalink.php?story_fbid=pfbid022G96iLNmPqg1kbXij5hymz7ggqMSi944q9MeBNG7CBHCM3UFNxEnA7FA5wGsR9zZl&id=100064048541047,2026-09-25,1536x2048,"BMW 530e, contre-porte",no (dealer plate or none visible),stock: car panel
mercedes-a250e-01.jpg,mercedes-a250e,Facebook,https://www.facebook.com/permalink.php?story_fbid=pfbid02Ya6VigLwMhrLhyVLCz4tbQWrQ3v3zcKv5KW6mHUCHbLEW3uJUPuRC6QJDR6uqiTcl&id=100064048541047,2026-09-11,2048x1536,"Mercedes-Benz A250e AMG-Line, vue avant trois-quarts",no (dealer plate or none visible),stock: car panel + cover
mercedes-a250e-02.jpg,mercedes-a250e,Facebook,https://www.facebook.com/permalink.php?story_fbid=pfbid02Ya6VigLwMhrLhyVLCz4tbQWrQ3v3zcKv5KW6mHUCHbLEW3uJUPuRC6QJDR6uqiTcl&id=100064048541047,2026-09-11,2048x1536,"A250e, profil avant",no (dealer plate or none visible),stock: car panel
mercedes-a250e-03.jpg,mercedes-a250e,Facebook,https://www.facebook.com/permalink.php?story_fbid=pfbid02Ya6VigLwMhrLhyVLCz4tbQWrQ3v3zcKv5KW6mHUCHbLEW3uJUPuRC6QJDR6uqiTcl&id=100064048541047,2026-09-11,2048x1536,"A250e, avant",no (dealer plate or none visible),stock: car panel
mercedes-a250e-04.jpg,mercedes-a250e,Facebook,https://www.facebook.com/permalink.php?story_fbid=pfbid02Ya6VigLwMhrLhyVLCz4tbQWrQ3v3zcKv5KW6mHUCHbLEW3uJUPuRC6QJDR6uqiTcl&id=100064048541047,2026-09-11,2048x1536,"A250e, face avant",no (dealer plate or none visible),stock: car panel
mercedes-a250e-05.jpg,mercedes-a250e,Facebook,https://www.facebook.com/permalink.php?story_fbid=pfbid02Ya6VigLwMhrLhyVLCz4tbQWrQ3v3zcKv5KW6mHUCHbLEW3uJUPuRC6QJDR6uqiTcl&id=100064048541047,2026-09-11,2048x1536,"A250e, arrière trois-quarts",yes,stock: car panel
mercedes-a250e-06.jpg,mercedes-a250e,Facebook,https://www.facebook.com/permalink.php?story_fbid=pfbid02Ya6VigLwMhrLhyVLCz4tbQWrQ3v3zcKv5KW6mHUCHbLEW3uJUPuRC6QJDR6uqiTcl&id=100064048541047,2026-09-11,1536x2048,"A250e, arrière",yes,stock: car panel
mercedes-a250e-07.jpg,mercedes-a250e,Facebook,https://www.facebook.com/permalink.php?story_fbid=pfbid02Ya6VigLwMhrLhyVLCz4tbQWrQ3v3zcKv5KW6mHUCHbLEW3uJUPuRC6QJDR6uqiTcl&id=100064048541047,2026-09-11,2048x1536,"A250e, poste de conduite",no (dealer plate or none visible),stock: car panel
mercedes-a250e-08.jpg,mercedes-a250e,Facebook,https://www.facebook.com/permalink.php?story_fbid=pfbid02Ya6VigLwMhrLhyVLCz4tbQWrQ3v3zcKv5KW6mHUCHbLEW3uJUPuRC6QJDR6uqiTcl&id=100064048541047,2026-09-11,2048x1536,"A250e, éclairage d’ambiance",no (dealer plate or none visible),stock: car panel
vw-tiguan-gte-01.jpg,vw-tiguan-gte,Facebook,https://www.facebook.com/permalink.php?story_fbid=pfbid0319GWRVXNft1vbDQ1MSSYHpbRxVWpAgeBxK4Ncs4qc16G1LUBRP5thWCw4mLWg17Sl&id=100064048541047,2026-09-07,2048x1536,"Volkswagen Tiguan R-Line GTE blanc nacré, vue avant trois-quarts",no (dealer plate or none visible),stock: car panel + cover
vw-tiguan-gte-02.jpg,vw-tiguan-gte,Facebook,https://www.facebook.com/permalink.php?story_fbid=pfbid0319GWRVXNft1vbDQ1MSSYHpbRxVWpAgeBxK4Ncs4qc16G1LUBRP5thWCw4mLWg17Sl&id=100064048541047,2026-09-07,2048x1536,"Tiguan R-Line GTE, avant",no (dealer plate or none visible),stock: car panel
vw-tiguan-gte-03.jpg,vw-tiguan-gte,Facebook,https://www.facebook.com/permalink.php?story_fbid=pfbid0319GWRVXNft1vbDQ1MSSYHpbRxVWpAgeBxK4Ncs4qc16G1LUBRP5thWCw4mLWg17Sl&id=100064048541047,2026-09-07,1280x960,"Tiguan R-Line GTE, feux IQ.LIGHT",no (dealer plate or none visible),stock: car panel
vw-tiguan-gte-04.jpg,vw-tiguan-gte,Facebook,https://www.facebook.com/permalink.php?story_fbid=pfbid0319GWRVXNft1vbDQ1MSSYHpbRxVWpAgeBxK4Ncs4qc16G1LUBRP5thWCw4mLWg17Sl&id=100064048541047,2026-09-07,1280x960,"Tiguan R-Line GTE, arrière trois-quarts",no (dealer plate or none visible),stock: car panel
vw-tiguan-gte-05.jpg,vw-tiguan-gte,Facebook,https://www.facebook.com/permalink.php?story_fbid=pfbid0319GWRVXNft1vbDQ1MSSYHpbRxVWpAgeBxK4Ncs4qc16G1LUBRP5thWCw4mLWg17Sl&id=100064048541047,2026-09-07,1280x960,"Tiguan R-Line GTE, feux arrière",no (dealer plate or none visible),stock: car panel
vw-tiguan-gte-06.jpg,vw-tiguan-gte,Facebook,https://www.facebook.com/permalink.php?story_fbid=pfbid0319GWRVXNft1vbDQ1MSSYHpbRxVWpAgeBxK4Ncs4qc16G1LUBRP5thWCw4mLWg17Sl&id=100064048541047,2026-09-07,1280x960,"Tiguan R-Line GTE, volant et cockpit digital",no (dealer plate or none visible),stock: car panel
vw-tiguan-gte-07.jpg,vw-tiguan-gte,Facebook,https://www.facebook.com/permalink.php?story_fbid=pfbid0319GWRVXNft1vbDQ1MSSYHpbRxVWpAgeBxK4Ncs4qc16G1LUBRP5thWCw4mLWg17Sl&id=100064048541047,2026-09-07,2048x1536,"Tiguan R-Line GTE, caméra de recul",no (dealer plate or none visible),stock: car panel
canam-outlander-max-01.jpg,canam-outlander-max,Facebook,https://www.facebook.com/permalink.php?story_fbid=pfbid02oyyoyWrG4iw9A7rJGLGHNnNXepRvhttFsbsP79D2QyPuSzGVZRFCrVUK4q8J4i5ml&id=100064048541047,2026-08-26,2048x1536,"Can-Am Outlander MAX XT, avant avec treuil",no (dealer plate or none visible),stock: car panel + cover
canam-outlander-max-02.jpg,canam-outlander-max,Facebook,https://www.facebook.com/permalink.php?story_fbid=pfbid02oyyoyWrG4iw9A7rJGLGHNnNXepRvhttFsbsP79D2QyPuSzGVZRFCrVUK4q8J4i5ml&id=100064048541047,2026-08-26,2048x1536,"Can-Am Outlander MAX XT, arrière avec coffre",no (dealer plate or none visible),stock: car panel
canam-outlander-max-03.jpg,canam-outlander-max,Facebook,https://www.facebook.com/permalink.php?story_fbid=pfbid02oyyoyWrG4iw9A7rJGLGHNnNXepRvhttFsbsP79D2QyPuSzGVZRFCrVUK4q8J4i5ml&id=100064048541047,2026-08-26,1536x2048,"Can-Am Outlander MAX XT, coffre arrière",no (dealer plate or none visible),stock: car panel
canam-outlander-max-04.jpg,canam-outlander-max,Facebook,https://www.facebook.com/permalink.php?story_fbid=pfbid02oyyoyWrG4iw9A7rJGLGHNnNXepRvhttFsbsP79D2QyPuSzGVZRFCrVUK4q8J4i5ml&id=100064048541047,2026-08-26,1536x2048,"Can-Am Outlander MAX XT, treuil",no (dealer plate or none visible),stock: car panel
canam-outlander-max-05.jpg,canam-outlander-max,Facebook,https://www.facebook.com/permalink.php?story_fbid=pfbid02oyyoyWrG4iw9A7rJGLGHNnNXepRvhttFsbsP79D2QyPuSzGVZRFCrVUK4q8J4i5ml&id=100064048541047,2026-08-26,1536x2048,"Can-Am Outlander MAX XT, écran",no (dealer plate or none visible),stock: car panel
canam-outlander-max-06.jpg,canam-outlander-max,Facebook,https://www.facebook.com/permalink.php?story_fbid=pfbid02oyyoyWrG4iw9A7rJGLGHNnNXepRvhttFsbsP79D2QyPuSzGVZRFCrVUK4q8J4i5ml&id=100064048541047,2026-08-26,1536x2048,"Can-Am Outlander MAX XT, commandes au guidon",no (dealer plate or none visible),stock: car panel
canam-outlander-max-07.jpg,canam-outlander-max,Facebook,https://www.facebook.com/permalink.php?story_fbid=pfbid02oyyoyWrG4iw9A7rJGLGHNnNXepRvhttFsbsP79D2QyPuSzGVZRFCrVUK4q8J4i5ml&id=100064048541047,2026-08-26,2048x1536,"Can-Am Outlander MAX XT, coffre avant",no (dealer plate or none visible),stock: car panel
vw-golf-8-01.jpg,vw-golf-8,Instagram,https://www.instagram.com/p/Dbxo7Eajsmv/,2026-08-08,3024x2268,"Volkswagen Golf 8 Diesel, vue avant trois-quarts",no (dealer plate or none visible),stock: car panel + cover
vw-golf-8-02.jpg,vw-golf-8,Instagram,https://www.instagram.com/p/Dbxo7Eajsmv/,2026-08-08,3024x2268,"Golf 8, avant",no (dealer plate or none visible),stock: car panel
vw-golf-8-03.jpg,vw-golf-8,Instagram,https://www.instagram.com/p/Dbxo7Eajsmv/,2026-08-08,3024x3780,"Golf 8, profil avant",no (dealer plate or none visible),stock: car panel
vw-golf-8-04.jpg,vw-golf-8,Instagram,https://www.instagram.com/p/Dbxo7Eajsmv/,2026-08-08,3024x2268,"Golf 8, arrière trois-quarts",no (dealer plate or none visible),stock: car panel
vw-golf-8-05.jpg,vw-golf-8,Instagram,https://www.instagram.com/p/Dbxo7Eajsmv/,2026-08-08,3024x2268,"Golf 8, arrière",no (dealer plate or none visible),stock: car panel
vw-golf-8-06.jpg,vw-golf-8,Instagram,https://www.instagram.com/p/Dbxo7Eajsmv/,2026-08-08,3024x2268,"Golf 8, poste de conduite",no (dealer plate or none visible),stock: car panel
vw-golf-8-07.jpg,vw-golf-8,Instagram,https://www.instagram.com/p/Dbxo7Eajsmv/,2026-08-08,3024x2268,"Golf 8, cockpit digital",no (dealer plate or none visible),stock: car panel
vw-golf-8-08.jpg,vw-golf-8,Instagram,https://www.instagram.com/p/Dbxo7Eajsmv/,2026-08-08,3277x4096,"Golf 8, caméra de recul",no (dealer plate or none visible),stock: car panel
showroom-exterior.jpg,—,Google Maps,https://www.google.com/maps?cid=6322496852364681938,,3402x1232,"Façade du showroom AHMED AUTO, Route de Monastir",no (dealer plates),gallery
showroom-1.jpg,—,Google Maps,https://www.google.com/maps?cid=6322496852364681938,,4080x3060,"Devant le showroom AHMED AUTO, Route de Monastir",no (dealer plates),gallery
showroom-2.jpg,—,Google Maps,https://www.google.com/maps?cid=6322496852364681938,,4080x3060,Mercedes-Benz exposée au showroom AHMED AUTO,no (dealer plates),gallery
showroom-3.jpg,—,Google Maps,https://www.google.com/maps?cid=6322496852364681938,,4080x3060,Mercedes-Benz exposée au showroom AHMED AUTO,no (dealer plates),gallery
showroom-4.jpg,—,Google Maps,https://www.google.com/maps?cid=6322496852364681938,,4080x3060,Volkswagen exposée au showroom AHMED AUTO,no (dealer plates),gallery
logo.jpg,—,Google Maps,https://www.google.com/maps?cid=6322496852364681938,,1000x1000,Logo AHMED AUTO,no (dealer plates),identity reference
