file,car_or_subject,kind,source,source_post,post_date,original_wxh,label,plate_blurred,face,used_in
1444851517333688.jpg,mercedes-c-noire-2024,delivered,FB,https://www.facebook.com/photo.php?fbid=1444851517333688,2026-02-19,2048x1153,Mercedes C AMG · 2024,pre-pixelated by business (rear plates); none readable,none,gallery + car panel
1444851594000347.jpg,mercedes-c-noire-2024,delivered,FB,https://www.facebook.com/photo.php?fbid=1444851594000347,2026-02-19,2048x1153,Mercedes C AMG · 2024,pre-pixelated by business (rear plates); none readable,none,gallery + car panel
1444851640667009.jpg,mercedes-c-noire-2024,delivered,FB,https://www.facebook.com/photo.php?fbid=1444851640667009,2026-02-19,1153x2048,Mercedes C AMG · 2024,pre-pixelated by business (rear plates); none readable,none,gallery + car panel
1444851710667002.jpg,mercedes-c-noire-2024,delivered,FB,https://www.facebook.com/photo.php?fbid=1444851710667002,2026-02-19,2048x1153,Mercedes C AMG · 2024,pre-pixelated by business (rear plates); none readable,none,gallery + car panel
1444852947333545.jpg,mercedes-c-noire-2024,delivered,FB,https://www.facebook.com/photo.php?fbid=1444852947333545,2026-02-19,1153x2048,Mercedes C AMG · 2024,pre-pixelated by business (rear plates); none readable,none,gallery + car panel
DTV9iGUiqtD-01.jpg,toyota-rav4-2021,delivered,IG,https://www.instagram.com/p/DTV9iGUiqtD/,2026-01-10,1440x1920,Toyota RAV 4 · 2021,pre-pixelated by business (rear plates); none readable,none,gallery + car panel
DTV9iGUiqtD-02.jpg,toyota-rav4-2021,delivered,IG,https://www.instagram.com/p/DTV9iGUiqtD/,2026-01-10,1440x1920,Toyota RAV 4 · 2021,pre-pixelated by business (rear plates); none readable,none,gallery + car panel
DTV9iGUiqtD-05.jpg,toyota-rav4-2021,delivered,IG,https://www.instagram.com/p/DTV9iGUiqtD/,2026-01-10,1440x1920,Toyota RAV 4 · 2021,pre-pixelated by business (rear plates); none readable,none,gallery + car panel
DTV9iGUiqtD-08.jpg,toyota-rav4-2021,delivered,IG,https://www.instagram.com/p/DTV9iGUiqtD/,2026-01-10,1440x1920,Toyota RAV 4 · 2021,pre-pixelated by business (rear plates); none readable,none,gallery + car panel
DTV9iGUiqtD-07.jpg,toyota-rav4-2021,delivered,IG,https://www.instagram.com/p/DTV9iGUiqtD/,2026-01-10,1440x1920,Toyota RAV 4 · 2021,pre-pixelated by business (rear plates); none readable,none,gallery + car panel
DTV9iGUiqtD-11.jpg,toyota-rav4-2021,delivered,IG,https://www.instagram.com/p/DTV9iGUiqtD/,2026-01-10,1440x1920,Toyota RAV 4 · 2021,pre-pixelated by business (rear plates); none readable,none,gallery + car panel
DUq2W_rCtjm-01.jpg,mercedes-gle53-2026,export,IG,https://www.instagram.com/p/DUq2W_rCtjm/,2026-02-12,1440x1920,Mercedes GLE 53 AMG · 2026,pre-pixelated by business (rear plates); none readable,none,gallery + car panel
DUq2W_rCtjm-04.jpg,mercedes-gle53-2026,export,IG,https://www.instagram.com/p/DUq2W_rCtjm/,2026-02-12,1440x1920,Mercedes GLE 53 AMG · 2026,pre-pixelated by business (rear plates); none readable,none,gallery + car panel
DUq2W_rCtjm-06.jpg,mercedes-gle53-2026,export,IG,https://www.instagram.com/p/DUq2W_rCtjm/,2026-02-12,1440x1920,Mercedes GLE 53 AMG · 2026,pre-pixelated by business (rear plates); none readable,none,gallery + car panel
DUq2W_rCtjm-03.jpg,mercedes-gle53-2026,export,IG,https://www.instagram.com/p/DUq2W_rCtjm/,2026-02-12,1440x1920,Mercedes GLE 53 AMG · 2026,pre-pixelated by business (rear plates); none readable,none,gallery + car panel
DUq2W_rCtjm-15.jpg,mercedes-gle53-2026,export,IG,https://www.instagram.com/p/DUq2W_rCtjm/,2026-02-12,1440x1920,Mercedes GLE 53 AMG · 2026,pre-pixelated by business (rear plates); none readable,none,gallery + car panel
DUq2W_rCtjm-10.jpg,mercedes-gle53-2026,export,IG,https://www.instagram.com/p/DUq2W_rCtjm/,2026-02-12,1440x1920,Mercedes GLE 53 AMG · 2026,pre-pixelated by business (rear plates); none readable,none,gallery + car panel
DUJWgVeCp7R-01.jpg,mercedes-glb-2024,export,IG,https://www.instagram.com/p/DUJWgVeCp7R/,2026-01-30,1440x1920,Mercedes GLB AMG · 2024,pre-pixelated by business (rear plates); none readable,none,gallery + car panel
DUJWgVeCp7R-02.jpg,mercedes-glb-2024,export,IG,https://www.instagram.com/p/DUJWgVeCp7R/,2026-01-30,1440x1920,Mercedes GLB AMG · 2024,pre-pixelated by business (rear plates); none readable,none,gallery + car panel
DUJWgVeCp7R-06.jpg,mercedes-glb-2024,export,IG,https://www.instagram.com/p/DUJWgVeCp7R/,2026-01-30,1440x1920,Mercedes GLB AMG · 2024,pre-pixelated by business (rear plates); none readable,none,gallery + car panel
DUJWgVeCp7R-07.jpg,mercedes-glb-2024,export,IG,https://www.instagram.com/p/DUJWgVeCp7R/,2026-01-30,1440x1920,Mercedes GLB AMG · 2024,pre-pixelated by business (rear plates); none readable,none,gallery + car panel
DUJWgVeCp7R-08.jpg,mercedes-glb-2024,export,IG,https://www.instagram.com/p/DUJWgVeCp7R/,2026-01-30,1440x1920,Mercedes GLB AMG · 2024,pre-pixelated by business (rear plates); none readable,none,gallery + car panel
DUJWgVeCp7R-09.jpg,mercedes-glb-2024,export,IG,https://www.instagram.com/p/DUJWgVeCp7R/,2026-01-30,1440x1920,Mercedes GLB AMG · 2024,pre-pixelated by business (rear plates); none readable,none,gallery + car panel
DTvZu5rClVV-02.jpg,vw-tiguan-2022,export,IG,https://www.instagram.com/p/DTvZu5rClVV/,2026-01-20,1440x1440,VW Tiguan · 2022,pre-pixelated by business (rear plates); none readable,none,gallery + car panel
DTvZu5rClVV-04.jpg,vw-tiguan-2022,export,IG,https://www.instagram.com/p/DTvZu5rClVV/,2026-01-20,1440x1440,VW Tiguan · 2022,pre-pixelated by business (rear plates); none readable,none,gallery + car panel
DTvZu5rClVV-05.jpg,vw-tiguan-2022,export,IG,https://www.instagram.com/p/DTvZu5rClVV/,2026-01-20,1440x1440,VW Tiguan · 2022,pre-pixelated by business (rear plates); none readable,none,gallery + car panel
DTvZu5rClVV-06.jpg,vw-tiguan-2022,export,IG,https://www.instagram.com/p/DTvZu5rClVV/,2026-01-20,1440x1440,VW Tiguan · 2022,pre-pixelated by business (rear plates); none readable,none,gallery + car panel
DTvZu5rClVV-07.jpg,vw-tiguan-2022,export,IG,https://www.instagram.com/p/DTvZu5rClVV/,2026-01-20,1440x1440,VW Tiguan · 2022,pre-pixelated by business (rear plates); none readable,none,gallery + car panel
DSpeMqFivOk-02.jpg,audi-q3-sportback-2023,export,IG,https://www.instagram.com/p/DSpeMqFivOk/,2025-12-24,1440x1440,Audi Q3 Sportback S-line · 2023,pre-pixelated by business (rear plates); none readable,none,gallery + car panel
DSpeMqFivOk-07.jpg,audi-q3-sportback-2023,export,IG,https://www.instagram.com/p/DSpeMqFivOk/,2025-12-24,1440x1440,Audi Q3 Sportback S-line · 2023,pre-pixelated by business (rear plates); none readable,none,gallery + car panel
DSpeMqFivOk-05.jpg,audi-q3-sportback-2023,export,IG,https://www.instagram.com/p/DSpeMqFivOk/,2025-12-24,1440x1440,Audi Q3 Sportback S-line · 2023,pre-pixelated by business (rear plates); none readable,none,gallery + car panel
DSpeMqFivOk-04.jpg,audi-q3-sportback-2023,export,IG,https://www.instagram.com/p/DSpeMqFivOk/,2025-12-24,1440x1440,Audi Q3 Sportback S-line · 2023,pre-pixelated by business (rear plates); none readable,none,gallery + car panel
DSpeMqFivOk-09.jpg,audi-q3-sportback-2023,export,IG,https://www.instagram.com/p/DSpeMqFivOk/,2025-12-24,1440x1440,Audi Q3 Sportback S-line · 2023,pre-pixelated by business (rear plates); none readable,none,gallery + car panel
DSpeMqFivOk-08.jpg,audi-q3-sportback-2023,export,IG,https://www.instagram.com/p/DSpeMqFivOk/,2025-12-24,1440x1440,Audi Q3 Sportback S-line · 2023,pre-pixelated by business (rear plates); none readable,none,gallery + car panel
DSfeYHEioEu-01.jpg,mercedes-glc220d-coupe-2021,export,IG,https://www.instagram.com/p/DSfeYHEioEu/,2025-12-20,1440x1440,Mercedes GLC 220 Coupé AMG · 2021,pre-pixelated by business (rear plates); none readable,none,gallery + car panel
DSfeYHEioEu-02.jpg,mercedes-glc220d-coupe-2021,export,IG,https://www.instagram.com/p/DSfeYHEioEu/,2025-12-20,1440x1440,Mercedes GLC 220 Coupé AMG · 2021,pre-pixelated by business (rear plates); none readable,none,gallery + car panel
DSfeYHEioEu-04.jpg,mercedes-glc220d-coupe-2021,export,IG,https://www.instagram.com/p/DSfeYHEioEu/,2025-12-20,1440x1440,Mercedes GLC 220 Coupé AMG · 2021,pre-pixelated by business (rear plates); none readable,none,gallery + car panel
DSfeYHEioEu-06.jpg,mercedes-glc220d-coupe-2021,export,IG,https://www.instagram.com/p/DSfeYHEioEu/,2025-12-20,1440x1440,Mercedes GLC 220 Coupé AMG · 2021,pre-pixelated by business (rear plates); none readable,none,gallery + car panel
DSfeYHEioEu-10.jpg,mercedes-glc220d-coupe-2021,export,IG,https://www.instagram.com/p/DSfeYHEioEu/,2025-12-20,1440x1440,Mercedes GLC 220 Coupé AMG · 2021,pre-pixelated by business (rear plates); none readable,none,gallery + car panel
DSfeYHEioEu-08.jpg,mercedes-glc220d-coupe-2021,export,IG,https://www.instagram.com/p/DSfeYHEioEu/,2025-12-20,1440x1440,Mercedes GLC 220 Coupé AMG · 2021,pre-pixelated by business (rear plates); none readable,none,gallery + car panel
owner-11.jpg,maps-range-rover-sport,maps,Maps,"https://www.google.com/maps/place/CHAARI+AUTO/@48.9455807,9.0985454,17z/data=!4m6!3m5!1s0x4799d534da3bde8b:0xef513e9a96efbc1b",unknown,4000x3000,Range Rover Sport,pre-pixelated by business (rear plates); none readable,none,gallery + car panel
owner-19.jpg,maps-mercedes-cla,maps,Maps,"https://www.google.com/maps/place/CHAARI+AUTO/@48.9455807,9.0985454,17z/data=!4m6!3m5!1s0x4799d534da3bde8b:0xef513e9a96efbc1b",unknown,4000x3000,Mercedes-Benz CLA,pre-pixelated by business (rear plates); none readable,none,gallery + car panel
owner-16.jpg,—,other,Maps,"https://www.google.com/maps/place/CHAARI+AUTO/@48.9455807,9.0985454,17z/data=!4m6!3m5!1s0x4799d534da3bde8b:0xef513e9a96efbc1b",unknown,3000x4000,Mercedes-Benz GLC Coupé,no readable plate,none,hero
owner-02.jpg,—,other,Maps,"https://www.google.com/maps/place/CHAARI+AUTO/@48.9455807,9.0985454,17z/data=!4m6!3m5!1s0x4799d534da3bde8b:0xef513e9a96efbc1b",unknown,4000x2252,Cupra Formentor,no readable plate,none,cta
WhatsApp Image 2026-10-04 at 18.32.05 (9).jpeg,mercedes-gle-coupe,owner,WhatsApp (owner),,2026-10-04,2000x1126,Mercedes GLE 350 de Coupé,CHAARI AUTO holder at the front; rear holders empty,none,gallery + car panel
WhatsApp Image 2026-10-04 at 18.32.05 (8).jpeg,mercedes-gle-coupe,owner,WhatsApp (owner),,2026-10-04,1126x2000,Mercedes GLE 350 de Coupé,CHAARI AUTO holder at the front; rear holders empty,none,car panel
WhatsApp Image 2026-10-04 at 18.32.05 (10).jpeg,mercedes-gle-coupe,owner,WhatsApp (owner),,2026-10-04,2000x1126,Mercedes GLE 350 de Coupé,CHAARI AUTO holder at the front; rear holders empty,none,car panel
WhatsApp Image 2026-10-04 at 18.32.04 (5).jpeg,porsche-cayenne-coupe,owner,WhatsApp (owner),,2026-10-04,2000x1126,Porsche Cayenne Coupé,CHAARI AUTO holder at the front; rear holders empty,none,gallery + car panel
WhatsApp Image 2026-10-04 at 18.32.04 (1).jpeg,porsche-cayenne-coupe,owner,WhatsApp (owner),,2026-10-04,2000x1126,Porsche Cayenne Coupé,CHAARI AUTO holder at the front; rear holders empty,none,car panel
WhatsApp Image 2026-10-04 at 18.32.04.jpeg,porsche-cayenne-coupe,owner,WhatsApp (owner),,2026-10-04,1126x2000,Porsche Cayenne Coupé,CHAARI AUTO holder at the front; rear holders empty,none,car panel
WhatsApp Image 2026-10-04 at 18.32.04 (3).jpeg,porsche-cayenne-coupe,owner,WhatsApp (owner),,2026-10-04,2000x1126,Porsche Cayenne Coupé,CHAARI AUTO holder at the front; rear holders empty,none,car panel
WhatsApp Image 2026-10-04 at 18.32.04 (2).jpeg,porsche-cayenne-coupe,owner,WhatsApp (owner),,2026-10-04,2000x1126,Porsche Cayenne Coupé,CHAARI AUTO holder at the front; rear holders empty,none,car panel
WhatsApp Image 2026-10-04 at 18.32.05.jpeg,audi-rs-q3-sportback,owner,WhatsApp (owner),,2026-10-04,2000x1126,Audi RS Q3 Sportback,CHAARI AUTO holder at the front; rear holders empty,none,gallery + car panel
WhatsApp Image 2026-10-04 at 18.32.04 (7).jpeg,audi-rs-q3-sportback,owner,WhatsApp (owner),,2026-10-04,2000x1126,Audi RS Q3 Sportback,two background plates pixelated,none,car panel
WhatsApp Image 2026-10-04 at 18.32.05 (5).jpeg,jeep-wrangler-rubicon,owner,WhatsApp (owner),,2026-10-04,2000x1126,Jeep Wrangler Rubicon 4xe,CHAARI AUTO holder at the front; rear holders empty,none,gallery + car panel
WhatsApp Image 2026-10-04 at 18.32.05 (6).jpeg,jeep-wrangler-rubicon,owner,WhatsApp (owner),,2026-10-04,2000x1126,Jeep Wrangler Rubicon 4xe,CHAARI AUTO holder at the front; rear holders empty,none,car panel
WhatsApp Image 2026-10-04 at 18.32.05 (4).jpeg,jeep-wrangler-rubicon,owner,WhatsApp (owner),,2026-10-04,1126x2000,Jeep Wrangler Rubicon 4xe,CHAARI AUTO holder at the front; rear holders empty,none,car panel
WhatsApp Image 2026-10-04 at 18.32.05 (7).jpeg,jeep-wrangler-rubicon,owner,WhatsApp (owner),,2026-10-04,1126x2000,Jeep Wrangler Rubicon 4xe,CHAARI AUTO holder at the front; rear holders empty,none,car panel
WhatsApp Image 2026-10-04 at 18.32.05 (3).jpeg,cupra-formentor,owner,WhatsApp (owner),,2026-10-04,2000x1126,Cupra Formentor,CHAARI AUTO holder at the front; rear holders empty,none,gallery + car panel
WhatsApp Image 2026-10-04 at 18.32.05 (2).jpeg,cupra-formentor,owner,WhatsApp (owner),,2026-10-04,1126x2000,Cupra Formentor,CHAARI AUTO holder at the front; rear holders empty,none,car panel
WhatsApp Image 2026-10-04 at 18.32.02.jpeg,audi-q5,owner,WhatsApp (owner),,2026-10-04,1600x900,Audi Q5,CHAARI AUTO holder at the front; rear holders empty,none,gallery + car panel
WhatsApp Image 2026-10-04 at 18.32.03.jpeg,audi-q5,owner,WhatsApp (owner),,2026-10-04,900x1600,Audi Q5,CHAARI AUTO holder at the front; rear holders empty,none,car panel
WhatsApp Image 2026-10-04 at 18.32.03 (1).jpeg,audi-q5,owner,WhatsApp (owner),,2026-10-04,1600x900,Audi Q5,CHAARI AUTO holder at the front; rear holders empty,none,car panel
WhatsApp Image 2026-10-04 at 18.32.04 (4).jpeg,porsche-cayenne-coupe,owner,WhatsApp (owner),,2026-10-04,1126x2000,Porsche Cayenne Coupé,CHAARI AUTO holder at the front; rear holders empty,none,"not used (driver’s legs, odometer)"
WhatsApp Image 2026-10-04 at 18.32.04 (6).jpeg,audi-rs-q3-sportback,owner,WhatsApp (owner),,2026-10-04,1126x2000,Audi RS Q3 Sportback,CHAARI AUTO holder at the front; rear holders empty,none,not used (duplicate of 18.32.04 (7))
WhatsApp Image 2026-10-04 at 18.32.05 (1).jpeg,cupra-formentor,owner,WhatsApp (owner),,2026-10-04,1126x2000,Cupra Formentor,CHAARI AUTO holder at the front; rear holders empty,none,not used (duplicate of 18.32.05 (2))
