file,source,source_url,post_date,width,height,label,used_for
maps_06.jpg,Google Maps,https://lh3.googleusercontent.com/gps-cs-s/ANWiy9T38OQE8tRVHYacX7QfaFziqtUA089-rz4FfiPzf72iBOYeTC4hsy-s40as5f08ejPoe3kxYGJPn9Tej1RKR_hurXne4BGq2vkC4yFZSEEIH1Ss1vl7chUvct2jqUpzQryMazGZ=s0,n/a,3024,2468,"Flotte sous l’abri de l’agence : MG ZS blanc, MG5 gris, MG ZS noir et une citadine blanche",hero
maps_05.jpg,Google Maps,https://lh3.googleusercontent.com/gps-cs-s/ANWiy9REyQs8fTrtaG_9dDu4Q9fQ97MWWHUE3SE1JzwPtonqWU3PMUHTt2lRAy_wmYMaBSCZ-ki8GkU2pqDw75JiH4eXyD-InHguEznjvlZRyayIghPO0DDettNKUh5NcTyA-nEE8Xo6=s0,n/a,3024,4032,"MG ZS noir, vue 3/4 avant, sous l’abri de l’agence",fleet: MG ZS (primary)
fb_09_387230.jpg,Facebook,https://www.facebook.com/photo/?fbid=122104032266387230,n/a,1536,2048,MG ZS noir dans une rue de Monastir,fleet: MG ZS
maps_09.jpg,Google Maps,https://lh3.googleusercontent.com/gps-cs-s/ANWiy9RWRfftFpFFP5LfLRLqM0xiaBGDD7s-bCx67beeLcYxd0J8w_4BVI2TYCDNWdZ3xON7xytfkqzvTqOYEzm_7wWDEvDUoK4YowjA5XXJoyytwIeZQCa7glgYxhF_31ONXH6SE3X6vA=s0,Jul 2024 (Maps capture),4032,3024,"MG ZS noir, vue arrière, arcades du centre de Monastir",fleet: MG ZS / gallery
maps_02.jpg,Google Maps,https://lh3.googleusercontent.com/gps-cs-s/ANWiy9SiH45x6BLSoMCqegLyziM8acm0i03cJepPOdrcLDkOTxK67rf0chiVAvcOhmcdcpAnd6uIbPUrLUhQSFnGh6qr_H2F7cOu22vYXOYmsqV9FejnUrfIkeFvsj55V3eGrPHiPB1I=s0,n/a,2841,2503,MG5 gris et MG ZS noir sous l’abri,fleet: MG5 (crop left car)
ig_C_XmGiyMPct_01.webp,Instagram,https://www.instagram.com/p/C_XmGiyMPct/,2024-09-01,1440,1440,Seat Arona blanc (caption: « Seat arona boite automatique »),fleet: Seat Arona (primary)
fb_06_387230.jpg,Facebook,https://www.facebook.com/photo/?fbid=122109793712387230,n/a,1536,2048,"Seat Ibiza blanc, vue 3/4 avant",fleet: Seat Ibiza (primary)
fb_04_387230.jpg,Facebook,https://www.facebook.com/photo/?fbid=122109793772387230,n/a,1536,2048,Seat Ibiza noir et blanc avec sticker HLILA,fleet: Seat Ibiza / gallery
fb_13_387230.jpg,Facebook,https://www.facebook.com/photo/?fbid=122104032050387230,n/a,2048,1536,Seat Ibiza noir (à droite) et VW Polo blanc,fleet: Seat Ibiza
fb_07_387230.jpg,Facebook,https://www.facebook.com/photo/?fbid=122104032362387230,2024 (FB),1536,2048,Deux Skoda Fabia blanches (crop sous l’enseigne du concessionnaire),"fleet: Skoda Fabia (primary, cropped)"
fb_11_387230.jpg,Facebook,https://www.facebook.com/photo/?fbid=122104032182387230,n/a,1536,2048,Deux Skoda Fabia noires (crop sous les panneaux),fleet: Skoda Fabia
fb_01_387230.jpg,Facebook,https://www.facebook.com/photo/?fbid=122104014314387230,2024-07-04,2048,1536,"Skoda Fabia gris, noir et bleu",fleet: Skoda Fabia / gallery
ig_DIyXF4nMYNj_01.webp,Instagram,https://www.instagram.com/p/DIyXF4nMYNj/,2025-04-23,1440,1546,"Mahindra XUV300 blanc, vue avant (caption: « Nouvel arrivage mahindra XUV300 »)",fleet: Mahindra XUV300 (primary)
ig_DIyXF4nMYNj_03.webp,Instagram,https://www.instagram.com/p/DIyXF4nMYNj/,2025-04-23,1440,1546,Mahindra XUV300 blanc sous les palmiers,fleet: Mahindra XUV300 / gallery
fb_15_387230.jpg,Facebook,https://www.facebook.com/photo/?fbid=122104031852387230,n/a,1536,2048,"Hyundai i20 noir, vue avant",fleet: Hyundai i20 (primary)
fb_10_387230.jpg,Facebook,https://www.facebook.com/photo/?fbid=122104032194387230,n/a,2048,1536,"Hyundai i20 rouge, i20 blanc et i20 bleu",fleet: Hyundai i20
maps_10.jpg,Google Maps,https://lh3.googleusercontent.com/gps-cs-s/ANWiy9RtMI2AvNmeivxDfNUimPh4lVo8JA_EJr9DzXJlH4scCaVsdqw9iBm4593SUjjZUz_CKFHKVTjT1qd_F3vwQn3y1OM9RxPoSjD4oBIF8izDYNd2gU8fu-mEKfcN44Iiw7a6JETJ=s0,n/a,4032,3024,Hyundai Grand i10 blanc (badge « GRAND i10 » visible) et une i10 rouge,fleet: Hyundai i10 (primary)
fb_14_387230.jpg,Facebook,https://www.facebook.com/photo/?fbid=122104031882387230,n/a,2048,1536,Intérieur MG avec toit panoramique,gallery
